{"_wandb":{"runtime":746},"_step":20,"completion_tokens":770,"_runtime":746,"latency_ms":43572.88180012256,"avg_latency_ms":35553.3580285874,"total_questions":21,"total_tokens":4565,"_timestamp":1.764204953482489e+09,"vector_hits":3,"question_id":"Q21","metadata_hits":3,"prompt_tokens":3795}