{"_wandb":{"runtime":617},"question_id":"Q26","prompt_tokens":1696,"total_questions":26,"_runtime":617,"total_tokens":3600,"completion_tokens":1904,"avg_latency_ms":23742.86844617186,"_step":25,"vector_hits":2,"latency_ms":29855.043100076728,"_timestamp":1.763710129207296e+09,"metadata_hits":2}