{"metadata_hits":3,"prompt_tokens":2572,"total_tokens":4992,"question_id":"Q26","_timestamp":1.764133300131295e+09,"completion_tokens":2420,"_step":25,"_runtime":623,"vector_hits":3,"latency_ms":41188.48449992947,"avg_latency_ms":23972.143919251932,"total_questions":26,"_wandb":{"runtime":623}}