{"prompt_tokens":1694,"_runtime":644,"avg_latency_ms":24785.23924615897,"_wandb":{"runtime":644},"total_tokens":4185,"vector_hits":2,"metadata_hits":2,"question_id":"Q26","latency_ms":52193.91210004687,"_timestamp":1.763625955849505e+09,"_step":25,"total_questions":26,"completion_tokens":2491}