{"avg_latency_ms":15254.243711564834,"latency_ms":30301.23049998656,"_runtime":396,"_timestamp":1.7641347173664954e+09,"_wandb":{"runtime":396},"vector_hits":3,"question_id":"Q26","completion_tokens":2542,"metadata_hits":3,"total_tokens":5465,"total_questions":26,"_step":25,"prompt_tokens":2923}