{"total_questions":26,"metadata_hits":3,"_wandb":{"runtime":310},"latency_ms":14974.850199883804,"prompt_tokens":2824,"completion_tokens":1037,"_step":25,"question_id":"Q26","avg_latency_ms":11918.26442306718,"_runtime":310,"_timestamp":1.7641883738749778e+09,"total_tokens":3861,"vector_hits":3}