{"_step":25,"question_id":"Q26","total_questions":26,"metadata_hits":2,"_runtime":632,"avg_latency_ms":24311.42213077804,"prompt_tokens":1659,"completion_tokens":1805,"vector_hits":2,"_timestamp":1.7637081248533127e+09,"latency_ms":43502.10929999594,"total_tokens":3464,"_wandb":{"runtime":632}}