{"avg_latency_ms":13968.37957693228,"question_id":"Q26","latency_ms":14103.799699805677,"_step":25,"vector_hits":3,"_wandb":{"runtime":363},"total_questions":26,"metadata_hits":3,"prompt_tokens":2816,"completion_tokens":880,"_timestamp":1.7641856956782787e+09,"_runtime":363,"total_tokens":3696}