{"total_tokens":3276,"completion_tokens":1587,"question_id":"Q26","_step":25,"vector_hits":2,"metadata_hits":2,"_runtime":592,"prompt_tokens":1689,"avg_latency_ms":22766.318900009188,"total_questions":26,"latency_ms":24810.309999855235,"_wandb":{"runtime":592},"_timestamp":1.7641321606710303e+09}