{"completion_tokens":2075,"latency_ms":31035.663199960254,"metadata_hits":2,"avg_latency_ms":21551.800869217215,"_wandb":{"runtime":561},"prompt_tokens":1674,"_runtime":561,"_step":25,"vector_hits":2,"_timestamp":1.7637069579030852e+09,"total_tokens":3749,"total_questions":26,"question_id":"Q26"}