{"_step":20,"completion_tokens":1128,"total_questions":21,"_wandb":{"runtime":269},"_runtime":269,"metadata_hits":3,"question_id":"Q21","avg_latency_ms":12805.303833336526,"prompt_tokens":2917,"_timestamp":1.7641926232247877e+09,"total_tokens":4045,"vector_hits":3,"latency_ms":15302.708600182086}