{"latency_ms":34650.93870006967,"vector_hits":2,"_runtime":718,"prompt_tokens":1689,"metadata_hits":2,"avg_latency_ms":27611.954734611434,"_wandb":{"runtime":718},"completion_tokens":2404,"total_questions":26,"question_id":"Q26","_timestamp":1.7636243671717522e+09,"total_tokens":4093,"_step":25}