{"completion_tokens":1806,"_wandb":{"runtime":629},"prompt_tokens":1683,"avg_latency_ms":24189.510207708317,"vector_hits":2,"total_questions":26,"_step":25,"total_tokens":3489,"metadata_hits":2,"question_id":"Q26","_runtime":629,"_timestamp":1.7637090688220086e+09,"latency_ms":33925.72590010241}